ID_Pedido,Data_Venda,Loja,Nome_Produto,Marca_Produto,Nome,Sobrenome,Qtd_Vendida,Receita_Venda,Custo_Venda,Preco_Unit,Custo_Unit,Gerente,Endereco,Num_Funcionarios
321,2019-11-04,Goiânia,Headphone Bluetooth 2000,SONY,Ruben,Torres,1,600,258.0,600,258.0,Carlos Henrique,"Av. Goiás Norte, 3.592 - quadra 2.1 - St. Mal. Rondon, Goiânia - GO, 74063-010",11
132,2019-03-04,Rio de Janeiro,Headphone Bluetooth 2000,SONY,Ruben,Torres,1,600,258.0,600,258.0,Pedro Martins,"R. Visc. de Pirajá, 136 - Ipanema, Rio de Janeiro - RJ, 22410-000",23
117,2019-02-10,Fortaleza,Headphone Bluetooth 2000,SONY,Ruben,Torres,1,600,258.0,600,258.0,Letícia Gomes,"Av. Dom Luís, 500 - Aldeota, Fortaleza - CE, 60160-230",12
72,2019-01-01,São Paulo,Headphone Bluetooth 2000,SONY,Ruben,Torres,1,600,258.0,600,258.0,Rogério Lopes,"R. Teodoro Sampaio, 954 - Pinheiros, São Paulo - SP, 05406-050",33
257,2019-08-08,Salvador,Headphone Bluetooth 2000,SONY,Christy,Zhu,1,600,258.0,600,258.0,Marcelo Castro,"Shopping Barra - Av. Centenário, 2992 - Barra, Salvador - BA, 40155-150",19
361,2019-12-07,Salvador,Headphone Bluetooth 2000,SONY,Elizabeth,Johnson,1,600,258.0,600,258.0,Marcelo Castro,"Shopping Barra - Av. Centenário, 2992 - Barra, Salvador - BA, 40155-150",19
263,2019-08-17,Fortaleza,Headphone Bluetooth 2000,SONY,Elizabeth,Johnson,1,600,258.0,600,258.0,Letícia Gomes,"Av. Dom Luís, 500 - Aldeota, Fortaleza - CE, 60160-230",12
141,2019-03-10,Goiânia,Headphone Bluetooth 2000,SONY,Elizabeth,Johnson,1,600,258.0,600,258.0,Carlos Henrique,"Av. Goiás Norte, 3.592 - quadra 2.1 - St. Mal. Rondon, Goiânia - GO, 74063-010",11
373,2019-12-24,Curitiba,Headphone Bluetooth 2000,SONY,Julio,Ruiz,1,600,258.0,600,258.0,Amanda Lima,"R. Brasílio Itiberê, 3279 - Água Verde, Curitiba - PR, 80250-160",31
150,2019-03-16,Curitiba,Headphone Bluetooth 2000,SONY,Julio,Ruiz,1,600,258.0,600,258.0,Amanda Lima,"R. Brasílio Itiberê, 3279 - Água Verde, Curitiba - PR, 80250-160",31
327,2019-11-08,Rio de Janeiro,Headphone Bluetooth 2000,SONY,Janet,Alvarez,1,600,258.0,600,258.0,Pedro Martins,"R. Visc. de Pirajá, 136 - Ipanema, Rio de Janeiro - RJ, 22410-000",23
294,2019-09-19,São Paulo,Headphone Bluetooth 2000,SONY,Marco,Mehta,1,600,258.0,600,258.0,Rogério Lopes,"R. Teodoro Sampaio, 954 - Pinheiros, São Paulo - SP, 05406-050",33
183,2019-05-08,Goiânia,Headphone Bluetooth 2000,SONY,Marco,Mehta,1,600,258.0,600,258.0,Carlos Henrique,"Av. Goiás Norte, 3.592 - quadra 2.1 - St. Mal. Rondon, Goiânia - GO, 74063-010",11
218,2019-06-20,Goiânia,Headphone Bluetooth 2000,SONY,Rob,Verhoff,1,600,258.0,600,258.0,Carlos Henrique,"Av. Goiás Norte, 3.592 - quadra 2.1 - St. Mal. Rondon, Goiânia - GO, 74063-010",11
167,2019-04-27,Niterói,Headphone Bluetooth 2000,SONY,Rob,Verhoff,1,600,258.0,600,258.0,Matheus Leal,"Rua Quinze de Novembro, 8 - Loja 301a Loja 301b - Centro, Niterói - RJ, 24020-125",18
335,2019-11-14,Rio de Janeiro,Headphone Bluetooth 2000,SONY,Shannon,Carlson,1,600,258.0,600,258.0,Pedro Martins,"R. Visc. de Pirajá, 136 - Ipanema, Rio de Janeiro - RJ, 22410-000",23
226,2019-06-28,São Paulo,Headphone Bluetooth 2000,SONY,Shannon,Carlson,1,600,258.0,600,258.0,Rogério Lopes,"R. Teodoro Sampaio, 954 - Pinheiros, São Paulo - SP, 05406-050",33
171,2019-04-28,Niterói,Headphone Bluetooth 2000,SONY,Shannon,Carlson,1,600,258.0,600,258.0,Matheus Leal,"Rua Quinze de Novembro, 8 - Loja 301a Loja 301b - Centro, Niterói - RJ, 24020-125",18
36,2019-12-30,Curitiba,Headphone Bluetooth 2000,SONY,Shannon,Carlson,1,600,258.0,600,258.0,Amanda Lima,"R. Brasílio Itiberê, 3279 - Água Verde, Curitiba - PR, 80250-160",31
282,2019-08-31,Goiânia,Headphone Bluetooth 2000,SONY,Jacquelyn,Suarez,1,600,258.0,600,258.0,Carlos Henrique,"Av. Goiás Norte, 3.592 - quadra 2.1 - St. Mal. Rondon, Goiânia - GO, 74063-010",11
187,2019-05-11,Belo Horizonte,Headphone Bluetooth 2000,SONY,Jacquelyn,Suarez,1,600,258.0,600,258.0,Julia Freitas,"Av. Barão Homem de Melo, 1389 - Nova Granada, Belo Horizonte - MG, 30431-425",13
63,2019-01-01,Curitiba,Headphone Bluetooth 2000,SONY,Jacquelyn,Suarez,1,600,258.0,600,258.0,Amanda Lima,"R. Brasílio Itiberê, 3279 - Água Verde, Curitiba - PR, 80250-160",31
38,2019-01-01,Salvador,Headphone Bluetooth 2000,SONY,Jacquelyn,Suarez,1,600,258.0,600,258.0,Marcelo Castro,"Shopping Barra - Av. Centenário, 2992 - Barra, Salvador - BA, 40155-150",19
29,2019-12-27,Fortaleza,Headphone Bluetooth 2000,SONY,Jacquelyn,Suarez,1,600,258.0,600,258.0,Letícia Gomes,"Av. Dom Luís, 500 - Aldeota, Fortaleza - CE, 60160-230",12
342,2019-11-19,Salvador,Headphone Bluetooth 2000,SONY,Curtis,Lu,1,600,258.0,600,258.0,Marcelo Castro,"Shopping Barra - Av. Centenário, 2992 - Barra, Salvador - BA, 40155-150",19
300,2019-09-23,Fortaleza,Headphone Bluetooth 2000,SONY,Curtis,Lu,1,600,258.0,600,258.0,Letícia Gomes,"Av. Dom Luís, 500 - Aldeota, Fortaleza - CE, 60160-230",12
276,2019-08-29,Rio de Janeiro,Headphone Bluetooth 2000,SONY,Curtis,Lu,1,600,258.0,600,258.0,Pedro Martins,"R. Visc. de Pirajá, 136 - Ipanema, Rio de Janeiro - RJ, 22410-000",23
222,2019-06-26,Salvador,Headphone Bluetooth 2000,SONY,Curtis,Lu,1,600,258.0,600,258.0,Marcelo Castro,"Shopping Barra - Av. Centenário, 2992 - Barra, Salvador - BA, 40155-150",19
210,2019-06-14,São Paulo,Headphone Bluetooth 2000,SONY,Curtis,Lu,1,600,258.0,600,258.0,Rogério Lopes,"R. Teodoro Sampaio, 954 - Pinheiros, São Paulo - SP, 05406-050",33
54,2019-01-01,São Paulo,Headphone Bluetooth 2000,SONY,Curtis,Lu,1,600,258.0,600,258.0,Rogério Lopes,"R. Teodoro Sampaio, 954 - Pinheiros, São Paulo - SP, 05406-050",33
346,2019-11-25,Niterói,Headphone Bluetooth 2000,SONY,Lauren,Walker,1,600,258.0,600,258.0,Matheus Leal,"Rua Quinze de Novembro, 8 - Loja 301a Loja 301b - Centro, Niterói - RJ, 24020-125",18
82,2019-01-02,São Paulo,Headphone Bluetooth 2000,SONY,Lauren,Walker,1,600,258.0,600,258.0,Rogério Lopes,"R. Teodoro Sampaio, 954 - Pinheiros, São Paulo - SP, 05406-050",33
91,2019-01-03,Curitiba,Headphone Bluetooth 2000,SONY,Ian,Jenkins,1,600,258.0,600,258.0,Amanda Lima,"R. Brasílio Itiberê, 3279 - Água Verde, Curitiba - PR, 80250-160",31
73,2019-01-01,Fortaleza,Headphone Bluetooth 2000,SONY,Ian,Jenkins,1,600,258.0,600,258.0,Letícia Gomes,"Av. Dom Luís, 500 - Aldeota, Fortaleza - CE, 60160-230",12
32,2019-12-28,Goiânia,Headphone Bluetooth 2000,SONY,Sydney,Bennett,1,600,258.0,600,258.0,Carlos Henrique,"Av. Goiás Norte, 3.592 - quadra 2.1 - St. Mal. Rondon, Goiânia - GO, 74063-010",11
304,2019-09-26,Salvador,Headphone Bluetooth 2000,SONY,Chloe,Young,1,600,258.0,600,258.0,Marcelo Castro,"Shopping Barra - Av. Centenário, 2992 - Barra, Salvador - BA, 40155-150",19
295,2019-09-19,Belo Horizonte,Headphone Bluetooth 2000,SONY,Chloe,Young,1,600,258.0,600,258.0,Julia Freitas,"Av. Barão Homem de Melo, 1389 - Nova Granada, Belo Horizonte - MG, 30431-425",13
260,2019-08-10,Salvador,Headphone Bluetooth 2000,SONY,Chloe,Young,1,600,258.0,600,258.0,Marcelo Castro,"Shopping Barra - Av. Centenário, 2992 - Barra, Salvador - BA, 40155-150",19
245,2019-07-19,Salvador,Headphone Bluetooth 2000,SONY,Chloe,Young,1,600,258.0,600,258.0,Marcelo Castro,"Shopping Barra - Av. Centenário, 2992 - Barra, Salvador - BA, 40155-150",19
198,2019-05-18,Rio de Janeiro,Headphone Bluetooth 2000,SONY,Chloe,Young,1,600,258.0,600,258.0,Pedro Martins,"R. Visc. de Pirajá, 136 - Ipanema, Rio de Janeiro - RJ, 22410-000",23
163,2019-04-14,Curitiba,Headphone Bluetooth 2000,SONY,Chloe,Young,1,600,258.0,600,258.0,Amanda Lima,"R. Brasílio Itiberê, 3279 - Água Verde, Curitiba - PR, 80250-160",31
7,2019-01-01,Belo Horizonte,Cadeira Gamer reclinável Azul/Laranja,ALTURA,Chloe,Young,1,1800,540.0,1800,540.0,Julia Freitas,"Av. Barão Homem de Melo, 1389 - Nova Granada, Belo Horizonte - MG, 30431-425",13
307,2019-10-02,Goiânia,Headphone Bluetooth 2000,SONY,Wyatt,Hill,1,600,258.0,600,258.0,Carlos Henrique,"Av. Goiás Norte, 3.592 - quadra 2.1 - St. Mal. Rondon, Goiânia - GO, 74063-010",11
271,2019-08-23,Curitiba,Headphone Bluetooth 2000,SONY,Wyatt,Hill,1,600,258.0,600,258.0,Amanda Lima,"R. Brasílio Itiberê, 3279 - Água Verde, Curitiba - PR, 80250-160",31
239,2019-07-07,Salvador,Headphone Bluetooth 2000,SONY,Wyatt,Hill,1,600,258.0,600,258.0,Marcelo Castro,"Shopping Barra - Av. Centenário, 2992 - Barra, Salvador - BA, 40155-150",19
236,2019-07-02,São Paulo,Headphone Bluetooth 2000,SONY,Wyatt,Hill,1,600,258.0,600,258.0,Rogério Lopes,"R. Teodoro Sampaio, 954 - Pinheiros, São Paulo - SP, 05406-050",33
233,2019-07-01,Salvador,Headphone Bluetooth 2000,SONY,Wyatt,Hill,1,600,258.0,600,258.0,Marcelo Castro,"Shopping Barra - Av. Centenário, 2992 - Barra, Salvador - BA, 40155-150",19
156,2019-03-28,Salvador,Headphone Bluetooth 2000,SONY,Wyatt,Hill,1,600,258.0,600,258.0,Marcelo Castro,"Shopping Barra - Av. Centenário, 2992 - Barra, Salvador - BA, 40155-150",19
106,2019-01-17,Goiânia,Headphone Bluetooth 2000,SONY,Wyatt,Hill,1,600,258.0,600,258.0,Carlos Henrique,"Av. Goiás Norte, 3.592 - quadra 2.1 - St. Mal. Rondon, Goiânia - GO, 74063-010",11
8,2019-01-01,Goiânia,Cadeira Gamer reclinável Azul/Laranja,ALTURA,Wyatt,Hill,1,1800,540.0,1800,540.0,Carlos Henrique,"Av. Goiás Norte, 3.592 - quadra 2.1 - St. Mal. Rondon, Goiânia - GO, 74063-010",11
208,2019-06-11,São Paulo,Headphone Bluetooth 2000,SONY,Shannon,Wang,1,600,258.0,600,258.0,Rogério Lopes,"R. Teodoro Sampaio, 954 - Pinheiros, São Paulo - SP, 05406-050",33
203,2019-05-30,São Paulo,Headphone Bluetooth 2000,SONY,Shannon,Wang,1,600,258.0,600,258.0,Rogério Lopes,"R. Teodoro Sampaio, 954 - Pinheiros, São Paulo - SP, 05406-050",33
157,2019-03-29,Salvador,Headphone Bluetooth 2000,SONY,Shannon,Wang,1,600,258.0,600,258.0,Marcelo Castro,"Shopping Barra - Av. Centenário, 2992 - Barra, Salvador - BA, 40155-150",19
123,2019-02-21,Niterói,Headphone Bluetooth 2000,SONY,Shannon,Wang,1,600,258.0,600,258.0,Matheus Leal,"Rua Quinze de Novembro, 8 - Loja 301a Loja 301b - Centro, Niterói - RJ, 24020-125",18
1,2019-01-01,Belo Horizonte,Kit Teclado + Mouse sem fio Wireless,DELL,Shannon,Wang,1,350,129.5,350,129.5,Julia Freitas,"Av. Barão Homem de Melo, 1389 - Nova Granada, Belo Horizonte - MG, 30431-425",13
288,2019-09-10,São Paulo,Headphone Bluetooth 2000,SONY,Clarence,Rai,1,600,258.0,600,258.0,Rogério Lopes,"R. Teodoro Sampaio, 954 - Pinheiros, São Paulo - SP, 05406-050",33
253,2019-08-05,Curitiba,Headphone Bluetooth 2000,SONY,Clarence,Rai,1,600,258.0,600,258.0,Amanda Lima,"R. Brasílio Itiberê, 3279 - Água Verde, Curitiba - PR, 80250-160",31
246,2019-07-20,Fortaleza,Headphone Bluetooth 2000,SONY,Clarence,Rai,1,600,258.0,600,258.0,Letícia Gomes,"Av. Dom Luís, 500 - Aldeota, Fortaleza - CE, 60160-230",12
206,2019-06-01,Rio de Janeiro,Headphone Bluetooth 2000,SONY,Clarence,Rai,1,600,258.0,600,258.0,Pedro Martins,"R. Visc. de Pirajá, 136 - Ipanema, Rio de Janeiro - RJ, 22410-000",23
144,2019-03-11,Goiânia,Headphone Bluetooth 2000,SONY,Clarence,Rai,1,600,258.0,600,258.0,Carlos Henrique,"Av. Goiás Norte, 3.592 - quadra 2.1 - St. Mal. Rondon, Goiânia - GO, 74063-010",11
34,2019-12-29,Rio de Janeiro,Headphone Bluetooth 2000,SONY,Clarence,Rai,1,600,258.0,600,258.0,Pedro Martins,"R. Visc. de Pirajá, 136 - Ipanema, Rio de Janeiro - RJ, 22410-000",23
2,2019-01-01,Rio de Janeiro,Kit Teclado + Mouse sem fio Wireless,DELL,Clarence,Rai,1,350,129.5,350,129.5,Pedro Martins,"R. Visc. de Pirajá, 136 - Ipanema, Rio de Janeiro - RJ, 22410-000",23
349,2019-11-27,Goiânia,Headphone Bluetooth 2000,SONY,Jordan,King,1,600,258.0,600,258.0,Carlos Henrique,"Av. Goiás Norte, 3.592 - quadra 2.1 - St. Mal. Rondon, Goiânia - GO, 74063-010",11
230,2019-06-29,Salvador,Headphone Bluetooth 2000,SONY,Jordan,King,1,600,258.0,600,258.0,Marcelo Castro,"Shopping Barra - Av. Centenário, 2992 - Barra, Salvador - BA, 40155-150",19
98,2019-01-05,São Paulo,Headphone Bluetooth 2000,SONY,Jordan,King,1,600,258.0,600,258.0,Rogério Lopes,"R. Teodoro Sampaio, 954 - Pinheiros, São Paulo - SP, 05406-050",33
64,2019-01-01,São Paulo,Headphone Bluetooth 2000,SONY,Destiny,Wilson,1,600,258.0,600,258.0,Rogério Lopes,"R. Teodoro Sampaio, 954 - Pinheiros, São Paulo - SP, 05406-050",33
51,2019-01-01,Curitiba,Headphone Bluetooth 2000,SONY,Destiny,Wilson,1,600,258.0,600,258.0,Amanda Lima,"R. Brasílio Itiberê, 3279 - Água Verde, Curitiba - PR, 80250-160",31
39,2019-01-01,Belo Horizonte,Headphone Bluetooth 2000,SONY,Destiny,Wilson,1,600,258.0,600,258.0,Julia Freitas,"Av. Barão Homem de Melo, 1389 - Nova Granada, Belo Horizonte - MG, 30431-425",13
199,2019-05-27,Belo Horizonte,Headphone Bluetooth 2000,SONY,Ethan,Zhang,1,600,258.0,600,258.0,Julia Freitas,"Av. Barão Homem de Melo, 1389 - Nova Granada, Belo Horizonte - MG, 30431-425",13
130,2019-03-04,Belo Horizonte,Headphone Bluetooth 2000,SONY,Ethan,Zhang,1,600,258.0,600,258.0,Julia Freitas,"Av. Barão Homem de Melo, 1389 - Nova Granada, Belo Horizonte - MG, 30431-425",13
55,2019-01-01,Belo Horizonte,Headphone Bluetooth 2000,SONY,Ethan,Zhang,1,600,258.0,600,258.0,Julia Freitas,"Av. Barão Homem de Melo, 1389 - Nova Granada, Belo Horizonte - MG, 30431-425",13
45,2019-01-01,Curitiba,Headphone Bluetooth 2000,SONY,Ethan,Zhang,1,600,258.0,600,258.0,Amanda Lima,"R. Brasílio Itiberê, 3279 - Água Verde, Curitiba - PR, 80250-160",31
83,2019-01-02,Goiânia,Headphone Bluetooth 2000,SONY,Seth,Edwards,1,600,258.0,600,258.0,Carlos Henrique,"Av. Goiás Norte, 3.592 - quadra 2.1 - St. Mal. Rondon, Goiânia - GO, 74063-010",11
48,2019-01-01,Belo Horizonte,Headphone Bluetooth 2000,SONY,Seth,Edwards,1,600,258.0,600,258.0,Julia Freitas,"Av. Barão Homem de Melo, 1389 - Nova Granada, Belo Horizonte - MG, 30431-425",13
193,2019-05-15,Rio de Janeiro,Headphone Bluetooth 2000,SONY,Russell,Xie,1,600,258.0,600,258.0,Pedro Martins,"R. Visc. de Pirajá, 136 - Ipanema, Rio de Janeiro - RJ, 22410-000",23
101,2019-01-05,São Paulo,Headphone Bluetooth 2000,SONY,Russell,Xie,1,600,258.0,600,258.0,Rogério Lopes,"R. Teodoro Sampaio, 954 - Pinheiros, São Paulo - SP, 05406-050",33
332,2019-11-09,Goiânia,Headphone Bluetooth 2000,SONY,Alejandro,Beck,1,600,258.0,600,258.0,Carlos Henrique,"Av. Goiás Norte, 3.592 - quadra 2.1 - St. Mal. Rondon, Goiânia - GO, 74063-010",11
308,2019-10-06,Fortaleza,Headphone Bluetooth 2000,SONY,Alejandro,Beck,1,600,258.0,600,258.0,Letícia Gomes,"Av. Dom Luís, 500 - Aldeota, Fortaleza - CE, 60160-230",12
279,2019-08-30,Belo Horizonte,Headphone Bluetooth 2000,SONY,Alejandro,Beck,1,600,258.0,600,258.0,Julia Freitas,"Av. Barão Homem de Melo, 1389 - Nova Granada, Belo Horizonte - MG, 30431-425",13
250,2019-07-28,Curitiba,Headphone Bluetooth 2000,SONY,Alejandro,Beck,1,600,258.0,600,258.0,Amanda Lima,"R. Brasílio Itiberê, 3279 - Água Verde, Curitiba - PR, 80250-160",31
3,2019-01-01,Salvador,Kit Teclado + Mouse sem fio Wireless,DELL,Alejandro,Beck,1,350,129.5,350,129.5,Marcelo Castro,"Shopping Barra - Av. Centenário, 2992 - Barra, Salvador - BA, 40155-150",19
312,2019-10-15,Rio de Janeiro,Headphone Bluetooth 2000,SONY,Harold,Sai,1,600,258.0,600,258.0,Pedro Martins,"R. Visc. de Pirajá, 136 - Ipanema, Rio de Janeiro - RJ, 22410-000",23
121,2019-02-16,Belo Horizonte,Headphone Bluetooth 2000,SONY,Harold,Sai,1,600,258.0,600,258.0,Julia Freitas,"Av. Barão Homem de Melo, 1389 - Nova Granada, Belo Horizonte - MG, 30431-425",13
4,2019-01-01,Goiânia,Kit Teclado + Mouse sem fio Wireless,DELL,Harold,Sai,1,350,129.5,350,129.5,Carlos Henrique,"Av. Goiás Norte, 3.592 - quadra 2.1 - St. Mal. Rondon, Goiânia - GO, 74063-010",11
215,2019-06-16,Curitiba,Headphone Bluetooth 2000,SONY,Jessie,Zhao,1,600,258.0,600,258.0,Amanda Lima,"R. Brasílio Itiberê, 3279 - Água Verde, Curitiba - PR, 80250-160",31
148,2019-03-15,São Paulo,Headphone Bluetooth 2000,SONY,Jessie,Zhao,1,600,258.0,600,258.0,Rogério Lopes,"R. Teodoro Sampaio, 954 - Pinheiros, São Paulo - SP, 05406-050",33
107,2019-01-18,Rio de Janeiro,Headphone Bluetooth 2000,SONY,Jessie,Zhao,1,600,258.0,600,258.0,Pedro Martins,"R. Visc. de Pirajá, 136 - Ipanema, Rio de Janeiro - RJ, 22410-000",23
5,2019-01-01,Curitiba,Kit Teclado + Mouse sem fio Wireless,DELL,Jessie,Zhao,1,350,129.5,350,129.5,Amanda Lima,"R. Brasílio Itiberê, 3279 - Água Verde, Curitiba - PR, 80250-160",31
319,2019-10-29,Fortaleza,Headphone Bluetooth 2000,SONY,Jill,Jimenez,1,600,258.0,600,258.0,Letícia Gomes,"Av. Dom Luís, 500 - Aldeota, Fortaleza - CE, 60160-230",12
305,2019-09-30,Belo Horizonte,Headphone Bluetooth 2000,SONY,Jill,Jimenez,1,600,258.0,600,258.0,Julia Freitas,"Av. Barão Homem de Melo, 1389 - Nova Granada, Belo Horizonte - MG, 30431-425",13
291,2019-09-17,Salvador,Headphone Bluetooth 2000,SONY,Jill,Jimenez,1,600,258.0,600,258.0,Marcelo Castro,"Shopping Barra - Av. Centenário, 2992 - Barra, Salvador - BA, 40155-150",19
201,2019-05-27,Goiânia,Headphone Bluetooth 2000,SONY,Jill,Jimenez,1,600,258.0,600,258.0,Carlos Henrique,"Av. Goiás Norte, 3.592 - quadra 2.1 - St. Mal. Rondon, Goiânia - GO, 74063-010",11
164,2019-04-16,Rio de Janeiro,Headphone Bluetooth 2000,SONY,Jill,Jimenez,1,600,258.0,600,258.0,Pedro Martins,"R. Visc. de Pirajá, 136 - Ipanema, Rio de Janeiro - RJ, 22410-000",23
104,2019-01-09,Salvador,Headphone Bluetooth 2000,SONY,Jill,Jimenez,1,600,258.0,600,258.0,Marcelo Castro,"Shopping Barra - Av. Centenário, 2992 - Barra, Salvador - BA, 40155-150",19
37,2019-01-01,Belo Horizonte,Headphone Bluetooth 2000,SONY,Jill,Jimenez,1,600,258.0,600,258.0,Julia Freitas,"Av. Barão Homem de Melo, 1389 - Nova Granada, Belo Horizonte - MG, 30431-425",13
6,2019-01-01,Curitiba,Kit Teclado + Mouse sem fio Wireless,DELL,Jill,Jimenez,1,350,129.5,350,129.5,Amanda Lima,"R. Brasílio Itiberê, 3279 - Água Verde, Curitiba - PR, 80250-160",31
325,2019-11-06,Goiânia,Headphone Bluetooth 2000,SONY,Jimmy,Moreno,1,600,258.0,600,258.0,Carlos Henrique,"Av. Goiás Norte, 3.592 - quadra 2.1 - St. Mal. Rondon, Goiânia - GO, 74063-010",11
317,2019-10-26,Curitiba,Headphone Bluetooth 2000,SONY,Jimmy,Moreno,1,600,258.0,600,258.0,Amanda Lima,"R. Brasílio Itiberê, 3279 - Água Verde, Curitiba - PR, 80250-160",31
292,2019-09-18,Rio de Janeiro,Headphone Bluetooth 2000,SONY,Jimmy,Moreno,1,600,258.0,600,258.0,Pedro Martins,"R. Visc. de Pirajá, 136 - Ipanema, Rio de Janeiro - RJ, 22410-000",23
274,2019-08-28,Belo Horizonte,Headphone Bluetooth 2000,SONY,Jimmy,Moreno,1,600,258.0,600,258.0,Julia Freitas,"Av. Barão Homem de Melo, 1389 - Nova Granada, Belo Horizonte - MG, 30431-425",13
268,2019-08-18,Salvador,Headphone Bluetooth 2000,SONY,Jimmy,Moreno,1,600,258.0,600,258.0,Marcelo Castro,"Shopping Barra - Av. Centenário, 2992 - Barra, Salvador - BA, 40155-150",19
237,2019-07-04,Salvador,Headphone Bluetooth 2000,SONY,Jimmy,Moreno,1,600,258.0,600,258.0,Marcelo Castro,"Shopping Barra - Av. Centenário, 2992 - Barra, Salvador - BA, 40155-150",19
139,2019-03-10,Curitiba,Headphone Bluetooth 2000,SONY,Jimmy,Moreno,1,600,258.0,600,258.0,Amanda Lima,"R. Brasílio Itiberê, 3279 - Água Verde, Curitiba - PR, 80250-160",31
10,2019-01-02,Salvador,Webcam Full HD 1080p,LOGITECH,Jimmy,Moreno,1,450,90.0,450,90.0,Marcelo Castro,"Shopping Barra - Av. Centenário, 2992 - Barra, Salvador - BA, 40155-150",19
365,2019-12-08,Fortaleza,Headphone Bluetooth 2000,SONY,Bethany,Yuan,1,600,258.0,600,258.0,Letícia Gomes,"Av. Dom Luís, 500 - Aldeota, Fortaleza - CE, 60160-230",12
340,2019-11-16,Goiânia,Headphone Bluetooth 2000,SONY,Bethany,Yuan,1,600,258.0,600,258.0,Carlos Henrique,"Av. Goiás Norte, 3.592 - quadra 2.1 - St. Mal. Rondon, Goiânia - GO, 74063-010",11
178,2019-05-02,Rio de Janeiro,Headphone Bluetooth 2000,SONY,Bethany,Yuan,1,600,258.0,600,258.0,Pedro Martins,"R. Visc. de Pirajá, 136 - Ipanema, Rio de Janeiro - RJ, 22410-000",23
114,2019-02-04,Belo Horizonte,Headphone Bluetooth 2000,SONY,Bethany,Yuan,1,600,258.0,600,258.0,Julia Freitas,"Av. Barão Homem de Melo, 1389 - Nova Granada, Belo Horizonte - MG, 30431-425",13
110,2019-01-22,Salvador,Headphone Bluetooth 2000,SONY,Bethany,Yuan,1,600,258.0,600,258.0,Marcelo Castro,"Shopping Barra - Av. Centenário, 2992 - Barra, Salvador - BA, 40155-150",19
78,2019-01-02,Rio de Janeiro,Headphone Bluetooth 2000,SONY,Bethany,Yuan,1,600,258.0,600,258.0,Pedro Martins,"R. Visc. de Pirajá, 136 - Ipanema, Rio de Janeiro - RJ, 22410-000",23
11,2019-01-02,Curitiba,Webcam Full HD 1080p,LOGITECH,Bethany,Yuan,1,450,90.0,450,90.0,Amanda Lima,"R. Brasílio Itiberê, 3279 - Água Verde, Curitiba - PR, 80250-160",31
290,2019-09-16,Curitiba,Headphone Bluetooth 2000,SONY,Theresa,Ramos,1,600,258.0,600,258.0,Amanda Lima,"R. Brasílio Itiberê, 3279 - Água Verde, Curitiba - PR, 80250-160",31
243,2019-07-14,Fortaleza,Headphone Bluetooth 2000,SONY,Theresa,Ramos,1,600,258.0,600,258.0,Letícia Gomes,"Av. Dom Luís, 500 - Aldeota, Fortaleza - CE, 60160-230",12
174,2019-04-29,São Paulo,Headphone Bluetooth 2000,SONY,Theresa,Ramos,1,600,258.0,600,258.0,Rogério Lopes,"R. Teodoro Sampaio, 954 - Pinheiros, São Paulo - SP, 05406-050",33
88,2019-01-03,São Paulo,Headphone Bluetooth 2000,SONY,Theresa,Ramos,1,600,258.0,600,258.0,Rogério Lopes,"R. Teodoro Sampaio, 954 - Pinheiros, São Paulo - SP, 05406-050",33
26,2019-12-26,Goiânia,Headphone Bluetooth 2000,SONY,Theresa,Ramos,1,600,258.0,600,258.0,Carlos Henrique,"Av. Goiás Norte, 3.592 - quadra 2.1 - St. Mal. Rondon, Goiânia - GO, 74063-010",11
12,2019-01-02,Goiânia,Webcam Full HD 1080p,LOGITECH,Theresa,Ramos,1,450,90.0,450,90.0,Carlos Henrique,"Av. Goiás Norte, 3.592 - quadra 2.1 - St. Mal. Rondon, Goiânia - GO, 74063-010",11
310,2019-10-14,Goiânia,Headphone Bluetooth 2000,SONY,Denise,Stone,1,600,258.0,600,258.0,Carlos Henrique,"Av. Goiás Norte, 3.592 - quadra 2.1 - St. Mal. Rondon, Goiânia - GO, 74063-010",11
267,2019-08-18,Belo Horizonte,Headphone Bluetooth 2000,SONY,Denise,Stone,1,600,258.0,600,258.0,Julia Freitas,"Av. Barão Homem de Melo, 1389 - Nova Granada, Belo Horizonte - MG, 30431-425",13
196,2019-05-15,Rio de Janeiro,Headphone Bluetooth 2000,SONY,Denise,Stone,1,600,258.0,600,258.0,Pedro Martins,"R. Visc. de Pirajá, 136 - Ipanema, Rio de Janeiro - RJ, 22410-000",23
161,2019-04-08,São Paulo,Headphone Bluetooth 2000,SONY,Denise,Stone,1,600,258.0,600,258.0,Rogério Lopes,"R. Teodoro Sampaio, 954 - Pinheiros, São Paulo - SP, 05406-050",33
65,2019-01-01,Fortaleza,Headphone Bluetooth 2000,SONY,Denise,Stone,1,600,258.0,600,258.0,Letícia Gomes,"Av. Dom Luís, 500 - Aldeota, Fortaleza - CE, 60160-230",12
13,2019-01-02,Belo Horizonte,Webcam Full HD 1080p,LOGITECH,Denise,Stone,1,450,90.0,450,90.0,Julia Freitas,"Av. Barão Homem de Melo, 1389 - Nova Granada, Belo Horizonte - MG, 30431-425",13
370,2019-12-14,São Paulo,Headphone Bluetooth 2000,SONY,Jaime,Nath,1,600,258.0,600,258.0,Rogério Lopes,"R. Teodoro Sampaio, 954 - Pinheiros, São Paulo - SP, 05406-050",33
355,2019-11-30,Rio de Janeiro,Headphone Bluetooth 2000,SONY,Jaime,Nath,1,600,258.0,600,258.0,Pedro Martins,"R. Visc. de Pirajá, 136 - Ipanema, Rio de Janeiro - RJ, 22410-000",23
353,2019-11-29,Rio de Janeiro,Headphone Bluetooth 2000,SONY,Jaime,Nath,1,600,258.0,600,258.0,Pedro Martins,"R. Visc. de Pirajá, 136 - Ipanema, Rio de Janeiro - RJ, 22410-000",23
229,2019-06-29,São Paulo,Headphone Bluetooth 2000,SONY,Jaime,Nath,1,600,258.0,600,258.0,Rogério Lopes,"R. Teodoro Sampaio, 954 - Pinheiros, São Paulo - SP, 05406-050",33
211,2019-06-14,Curitiba,Headphone Bluetooth 2000,SONY,Jaime,Nath,1,600,258.0,600,258.0,Amanda Lima,"R. Brasílio Itiberê, 3279 - Água Verde, Curitiba - PR, 80250-160",31
146,2019-03-12,Niterói,Headphone Bluetooth 2000,SONY,Jaime,Nath,1,600,258.0,600,258.0,Matheus Leal,"Rua Quinze de Novembro, 8 - Loja 301a Loja 301b - Centro, Niterói - RJ, 24020-125",18
56,2019-01-01,Fortaleza,Headphone Bluetooth 2000,SONY,Jaime,Nath,1,600,258.0,600,258.0,Letícia Gomes,"Av. Dom Luís, 500 - Aldeota, Fortaleza - CE, 60160-230",12
14,2019-01-02,Curitiba,Webcam Full HD 1080p,LOGITECH,Jaime,Nath,1,450,90.0,450,90.0,Amanda Lima,"R. Brasílio Itiberê, 3279 - Água Verde, Curitiba - PR, 80250-160",31
209,2019-06-11,São Paulo,Headphone Bluetooth 2000,SONY,Ebony,Gonzalez,1,600,258.0,600,258.0,Rogério Lopes,"R. Teodoro Sampaio, 954 - Pinheiros, São Paulo - SP, 05406-050",33
159,2019-03-31,Niterói,Headphone Bluetooth 2000,SONY,Ebony,Gonzalez,1,600,258.0,600,258.0,Matheus Leal,"Rua Quinze de Novembro, 8 - Loja 301a Loja 301b - Centro, Niterói - RJ, 24020-125",18
124,2019-02-21,São Paulo,Headphone Bluetooth 2000,SONY,Ebony,Gonzalez,1,600,258.0,600,258.0,Rogério Lopes,"R. Teodoro Sampaio, 954 - Pinheiros, São Paulo - SP, 05406-050",33
84,2019-01-02,Curitiba,Headphone Bluetooth 2000,SONY,Ebony,Gonzalez,1,600,258.0,600,258.0,Amanda Lima,"R. Brasílio Itiberê, 3279 - Água Verde, Curitiba - PR, 80250-160",31
15,2019-01-02,Niterói,Webcam Full HD 1080p,LOGITECH,Ebony,Gonzalez,1,450,90.0,450,90.0,Matheus Leal,"Rua Quinze de Novembro, 8 - Loja 301a Loja 301b - Centro, Niterói - RJ, 24020-125",18
289,2019-09-10,Rio de Janeiro,Headphone Bluetooth 2000,SONY,Wendy,Dominguez,1,600,258.0,600,258.0,Pedro Martins,"R. Visc. de Pirajá, 136 - Ipanema, Rio de Janeiro - RJ, 22410-000",23
270,2019-08-19,Fortaleza,Headphone Bluetooth 2000,SONY,Wendy,Dominguez,1,600,258.0,600,258.0,Letícia Gomes,"Av. Dom Luís, 500 - Aldeota, Fortaleza - CE, 60160-230",12
261,2019-08-11,São Paulo,Headphone Bluetooth 2000,SONY,Wendy,Dominguez,1,600,258.0,600,258.0,Rogério Lopes,"R. Teodoro Sampaio, 954 - Pinheiros, São Paulo - SP, 05406-050",33
255,2019-08-06,Rio de Janeiro,Headphone Bluetooth 2000,SONY,Wendy,Dominguez,1,600,258.0,600,258.0,Pedro Martins,"R. Visc. de Pirajá, 136 - Ipanema, Rio de Janeiro - RJ, 22410-000",23
254,2019-08-05,Rio de Janeiro,Headphone Bluetooth 2000,SONY,Wendy,Dominguez,1,600,258.0,600,258.0,Pedro Martins,"R. Visc. de Pirajá, 136 - Ipanema, Rio de Janeiro - RJ, 22410-000",23
247,2019-07-20,Salvador,Headphone Bluetooth 2000,SONY,Wendy,Dominguez,1,600,258.0,600,258.0,Marcelo Castro,"Shopping Barra - Av. Centenário, 2992 - Barra, Salvador - BA, 40155-150",19
145,2019-03-11,Belo Horizonte,Headphone Bluetooth 2000,SONY,Wendy,Dominguez,1,600,258.0,600,258.0,Julia Freitas,"Av. Barão Homem de Melo, 1389 - Nova Granada, Belo Horizonte - MG, 30431-425",13
35,2019-12-29,Goiânia,Headphone Bluetooth 2000,SONY,Wendy,Dominguez,1,600,258.0,600,258.0,Carlos Henrique,"Av. Goiás Norte, 3.592 - quadra 2.1 - St. Mal. Rondon, Goiânia - GO, 74063-010",11
16,2019-01-03,Goiânia,Kit Teclado + Mouse sem fio Wireless,DELL,Wendy,Dominguez,1,350,129.5,350,129.5,Carlos Henrique,"Av. Goiás Norte, 3.592 - quadra 2.1 - St. Mal. Rondon, Goiânia - GO, 74063-010",11
368,2019-12-13,São Paulo,Headphone Bluetooth 2000,SONY,Jennifer,Russell,1,600,258.0,600,258.0,Rogério Lopes,"R. Teodoro Sampaio, 954 - Pinheiros, São Paulo - SP, 05406-050",33
285,2019-09-07,Curitiba,Headphone Bluetooth 2000,SONY,Jennifer,Russell,1,600,258.0,600,258.0,Amanda Lima,"R. Brasílio Itiberê, 3279 - Água Verde, Curitiba - PR, 80250-160",31
272,2019-08-25,Rio de Janeiro,Headphone Bluetooth 2000,SONY,Jennifer,Russell,1,600,258.0,600,258.0,Pedro Martins,"R. Visc. de Pirajá, 136 - Ipanema, Rio de Janeiro - RJ, 22410-000",23
137,2019-03-09,São Paulo,Headphone Bluetooth 2000,SONY,Jennifer,Russell,1,600,258.0,600,258.0,Rogério Lopes,"R. Teodoro Sampaio, 954 - Pinheiros, São Paulo - SP, 05406-050",33
94,2019-01-04,Belo Horizonte,Headphone Bluetooth 2000,SONY,Jennifer,Russell,1,600,258.0,600,258.0,Julia Freitas,"Av. Barão Homem de Melo, 1389 - Nova Granada, Belo Horizonte - MG, 30431-425",13
357,2019-12-02,Curitiba,Headphone Bluetooth 2000,SONY,Chloe,Garcia,1,600,258.0,600,258.0,Amanda Lima,"R. Brasílio Itiberê, 3279 - Água Verde, Curitiba - PR, 80250-160",31
74,2019-01-01,Fortaleza,Headphone Bluetooth 2000,SONY,Chloe,Garcia,1,600,258.0,600,258.0,Letícia Gomes,"Av. Dom Luís, 500 - Aldeota, Fortaleza - CE, 60160-230",12
333,2019-11-09,Fortaleza,Headphone Bluetooth 2000,SONY,Diana,Hernandez,1,600,258.0,600,258.0,Letícia Gomes,"Av. Dom Luís, 500 - Aldeota, Fortaleza - CE, 60160-230",12
309,2019-10-06,Fortaleza,Headphone Bluetooth 2000,SONY,Diana,Hernandez,1,600,258.0,600,258.0,Letícia Gomes,"Av. Dom Luís, 500 - Aldeota, Fortaleza - CE, 60160-230",12
280,2019-08-30,Goiânia,Headphone Bluetooth 2000,SONY,Diana,Hernandez,1,600,258.0,600,258.0,Carlos Henrique,"Av. Goiás Norte, 3.592 - quadra 2.1 - St. Mal. Rondon, Goiânia - GO, 74063-010",11
251,2019-07-28,Fortaleza,Headphone Bluetooth 2000,SONY,Diana,Hernandez,1,600,258.0,600,258.0,Letícia Gomes,"Av. Dom Luís, 500 - Aldeota, Fortaleza - CE, 60160-230",12
204,2019-05-31,São Paulo,Headphone Bluetooth 2000,SONY,Diana,Hernandez,1,600,258.0,600,258.0,Rogério Lopes,"R. Teodoro Sampaio, 954 - Pinheiros, São Paulo - SP, 05406-050",33
17,2019-01-03,Goiânia,Kit Teclado + Mouse sem fio Wireless,DELL,Diana,Hernandez,1,350,129.5,350,129.5,Carlos Henrique,"Av. Goiás Norte, 3.592 - quadra 2.1 - St. Mal. Rondon, Goiânia - GO, 74063-010",11
339,2019-11-15,Salvador,Headphone Bluetooth 2000,SONY,Marc,Martin,1,600,258.0,600,258.0,Marcelo Castro,"Shopping Barra - Av. Centenário, 2992 - Barra, Salvador - BA, 40155-150",19
313,2019-10-15,Curitiba,Headphone Bluetooth 2000,SONY,Marc,Martin,1,600,258.0,600,258.0,Amanda Lima,"R. Brasílio Itiberê, 3279 - Água Verde, Curitiba - PR, 80250-160",31
165,2019-04-18,São Paulo,Headphone Bluetooth 2000,SONY,Marc,Martin,1,600,258.0,600,258.0,Rogério Lopes,"R. Teodoro Sampaio, 954 - Pinheiros, São Paulo - SP, 05406-050",33
122,2019-02-16,Curitiba,Headphone Bluetooth 2000,SONY,Marc,Martin,1,600,258.0,600,258.0,Amanda Lima,"R. Brasílio Itiberê, 3279 - Água Verde, Curitiba - PR, 80250-160",31
18,2019-01-03,Rio de Janeiro,Kit Teclado + Mouse sem fio Wireless,DELL,Marc,Martin,1,350,129.5,350,129.5,Pedro Martins,"R. Visc. de Pirajá, 136 - Ipanema, Rio de Janeiro - RJ, 22410-000",23
314,2019-10-16,Fortaleza,Headphone Bluetooth 2000,SONY,Jesse,Murphy,1,600,258.0,600,258.0,Letícia Gomes,"Av. Dom Luís, 500 - Aldeota, Fortaleza - CE, 60160-230",12
216,2019-06-17,Niterói,Headphone Bluetooth 2000,SONY,Jesse,Murphy,1,600,258.0,600,258.0,Matheus Leal,"Rua Quinze de Novembro, 8 - Loja 301a Loja 301b - Centro, Niterói - RJ, 24020-125",18
9,2019-01-01,Niterói,Cadeira Gamer reclinável Azul/Laranja,ALTURA,Jesse,Murphy,1,1800,540.0,1800,540.0,Matheus Leal,"Rua Quinze de Novembro, 8 - Loja 301a Loja 301b - Centro, Niterói - RJ, 24020-125",18
347,2019-11-25,Niterói,Headphone Bluetooth 2000,SONY,Amanda,Carter,1,600,258.0,600,258.0,Matheus Leal,"Rua Quinze de Novembro, 8 - Loja 301a Loja 301b - Centro, Niterói - RJ, 24020-125",18
234,2019-07-01,Fortaleza,Headphone Bluetooth 2000,SONY,Megan,Sanchez,1,600,258.0,600,258.0,Letícia Gomes,"Av. Dom Luís, 500 - Aldeota, Fortaleza - CE, 60160-230",12
175,2019-04-29,São Paulo,Headphone Bluetooth 2000,SONY,Nathan,Simmons,1,600,258.0,600,258.0,Rogério Lopes,"R. Teodoro Sampaio, 954 - Pinheiros, São Paulo - SP, 05406-050",33
93,2019-01-03,Salvador,Headphone Bluetooth 2000,SONY,Nathan,Simmons,1,600,258.0,600,258.0,Marcelo Castro,"Shopping Barra - Av. Centenário, 2992 - Barra, Salvador - BA, 40155-150",19
66,2019-01-01,Belo Horizonte,Headphone Bluetooth 2000,SONY,Nathan,Simmons,1,600,258.0,600,258.0,Julia Freitas,"Av. Barão Homem de Melo, 1389 - Nova Granada, Belo Horizonte - MG, 30431-425",13
275,2019-08-29,Rio de Janeiro,Headphone Bluetooth 2000,SONY,Adam,Flores,1,600,258.0,600,258.0,Pedro Martins,"R. Visc. de Pirajá, 136 - Ipanema, Rio de Janeiro - RJ, 22410-000",23
149,2019-03-15,Niterói,Headphone Bluetooth 2000,SONY,Adam,Flores,1,600,258.0,600,258.0,Matheus Leal,"Rua Quinze de Novembro, 8 - Loja 301a Loja 301b - Centro, Niterói - RJ, 24020-125",18
116,2019-02-05,Fortaleza,Headphone Bluetooth 2000,SONY,Adam,Flores,1,600,258.0,600,258.0,Letícia Gomes,"Av. Dom Luís, 500 - Aldeota, Fortaleza - CE, 60160-230",12
108,2019-01-18,Belo Horizonte,Headphone Bluetooth 2000,SONY,Adam,Flores,1,600,258.0,600,258.0,Julia Freitas,"Av. Barão Homem de Melo, 1389 - Nova Granada, Belo Horizonte - MG, 30431-425",13
57,2019-01-01,São Paulo,Headphone Bluetooth 2000,SONY,Adam,Flores,1,600,258.0,600,258.0,Rogério Lopes,"R. Teodoro Sampaio, 954 - Pinheiros, São Paulo - SP, 05406-050",33
19,2019-01-03,São Paulo,Kit Teclado + Mouse sem fio Wireless,DELL,Adam,Flores,1,350,129.5,350,129.5,Rogério Lopes,"R. Teodoro Sampaio, 954 - Pinheiros, São Paulo - SP, 05406-050",33
326,2019-11-06,Niterói,Headphone Bluetooth 2000,SONY,Leonard,Nara,1,600,258.0,600,258.0,Matheus Leal,"Rua Quinze de Novembro, 8 - Loja 301a Loja 301b - Centro, Niterói - RJ, 24020-125",18
320,2019-10-29,Belo Horizonte,Headphone Bluetooth 2000,SONY,Leonard,Nara,1,600,258.0,600,258.0,Julia Freitas,"Av. Barão Homem de Melo, 1389 - Nova Granada, Belo Horizonte - MG, 30431-425",13
306,2019-09-30,Goiânia,Headphone Bluetooth 2000,SONY,Leonard,Nara,1,600,258.0,600,258.0,Carlos Henrique,"Av. Goiás Norte, 3.592 - quadra 2.1 - St. Mal. Rondon, Goiânia - GO, 74063-010",11
207,2019-06-02,Belo Horizonte,Headphone Bluetooth 2000,SONY,Leonard,Nara,1,600,258.0,600,258.0,Julia Freitas,"Av. Barão Homem de Melo, 1389 - Nova Granada, Belo Horizonte - MG, 30431-425",13
202,2019-05-27,Rio de Janeiro,Headphone Bluetooth 2000,SONY,Leonard,Nara,1,600,258.0,600,258.0,Pedro Martins,"R. Visc. de Pirajá, 136 - Ipanema, Rio de Janeiro - RJ, 22410-000",23
105,2019-01-09,Curitiba,Headphone Bluetooth 2000,SONY,Leonard,Nara,1,600,258.0,600,258.0,Amanda Lima,"R. Brasílio Itiberê, 3279 - Água Verde, Curitiba - PR, 80250-160",31
20,2019-01-03,Goiânia,Kit Teclado + Mouse sem fio Wireless,DELL,Leonard,Nara,1,350,129.5,350,129.5,Carlos Henrique,"Av. Goiás Norte, 3.592 - quadra 2.1 - St. Mal. Rondon, Goiânia - GO, 74063-010",11
318,2019-10-26,Fortaleza,Headphone Bluetooth 2000,SONY,Christine,Yuan,1,600,258.0,600,258.0,Letícia Gomes,"Av. Dom Luís, 500 - Aldeota, Fortaleza - CE, 60160-230",12
293,2019-09-18,Belo Horizonte,Headphone Bluetooth 2000,SONY,Christine,Yuan,1,600,258.0,600,258.0,Julia Freitas,"Av. Barão Homem de Melo, 1389 - Nova Granada, Belo Horizonte - MG, 30431-425",13
238,2019-07-04,Goiânia,Headphone Bluetooth 2000,SONY,Christine,Yuan,1,600,258.0,600,258.0,Carlos Henrique,"Av. Goiás Norte, 3.592 - quadra 2.1 - St. Mal. Rondon, Goiânia - GO, 74063-010",11
140,2019-03-10,Belo Horizonte,Headphone Bluetooth 2000,SONY,Christine,Yuan,1,600,258.0,600,258.0,Julia Freitas,"Av. Barão Homem de Melo, 1389 - Nova Granada, Belo Horizonte - MG, 30431-425",13
21,2019-01-03,São Paulo,Kit Teclado + Mouse sem fio Wireless,DELL,Christine,Yuan,1,350,129.5,350,129.5,Rogério Lopes,"R. Teodoro Sampaio, 954 - Pinheiros, São Paulo - SP, 05406-050",33
366,2019-12-08,São Paulo,Headphone Bluetooth 2000,SONY,Jaclyn,Lu,1,600,258.0,600,258.0,Rogério Lopes,"R. Teodoro Sampaio, 954 - Pinheiros, São Paulo - SP, 05406-050",33
341,2019-11-16,Salvador,Headphone Bluetooth 2000,SONY,Jaclyn,Lu,1,600,258.0,600,258.0,Marcelo Castro,"Shopping Barra - Av. Centenário, 2992 - Barra, Salvador - BA, 40155-150",19
256,2019-08-06,Fortaleza,Headphone Bluetooth 2000,SONY,Jaclyn,Lu,1,600,258.0,600,258.0,Letícia Gomes,"Av. Dom Luís, 500 - Aldeota, Fortaleza - CE, 60160-230",12
115,2019-02-04,São Paulo,Headphone Bluetooth 2000,SONY,Jaclyn,Lu,1,600,258.0,600,258.0,Rogério Lopes,"R. Teodoro Sampaio, 954 - Pinheiros, São Paulo - SP, 05406-050",33
111,2019-01-22,Fortaleza,Headphone Bluetooth 2000,SONY,Jaclyn,Lu,1,600,258.0,600,258.0,Letícia Gomes,"Av. Dom Luís, 500 - Aldeota, Fortaleza - CE, 60160-230",12
22,2019-01-04,Salvador,Cadeira Gamer reclinável Azul/Laranja,ALTURA,Jaclyn,Lu,1,1800,540.0,1800,540.0,Marcelo Castro,"Shopping Barra - Av. Centenário, 2992 - Barra, Salvador - BA, 40155-150",19
244,2019-07-14,Curitiba,Headphone Bluetooth 2000,SONY,Jeremy,Powell,1,600,258.0,600,258.0,Amanda Lima,"R. Brasílio Itiberê, 3279 - Água Verde, Curitiba - PR, 80250-160",31
154,2019-03-17,Fortaleza,Headphone Bluetooth 2000,SONY,Jeremy,Powell,1,600,258.0,600,258.0,Letícia Gomes,"Av. Dom Luís, 500 - Aldeota, Fortaleza - CE, 60160-230",12
89,2019-01-03,Fortaleza,Headphone Bluetooth 2000,SONY,Jeremy,Powell,1,600,258.0,600,258.0,Letícia Gomes,"Av. Dom Luís, 500 - Aldeota, Fortaleza - CE, 60160-230",12
23,2019-01-04,Fortaleza,Cadeira Gamer reclinável Azul/Laranja,ALTURA,Jeremy,Powell,1,1800,540.0,1800,540.0,Letícia Gomes,"Av. Dom Luís, 500 - Aldeota, Fortaleza - CE, 60160-230",12
350,2019-11-27,Curitiba,Headphone Bluetooth 2000,SONY,Carol,Rai,1,600,258.0,600,258.0,Amanda Lima,"R. Brasílio Itiberê, 3279 - Água Verde, Curitiba - PR, 80250-160",31
311,2019-10-14,Goiânia,Headphone Bluetooth 2000,SONY,Alan,Zheng,1,600,258.0,600,258.0,Carlos Henrique,"Av. Goiás Norte, 3.592 - quadra 2.1 - St. Mal. Rondon, Goiânia - GO, 74063-010",11
180,2019-05-03,Goiânia,Headphone Bluetooth 2000,SONY,Alan,Zheng,1,600,258.0,600,258.0,Carlos Henrique,"Av. Goiás Norte, 3.592 - quadra 2.1 - St. Mal. Rondon, Goiânia - GO, 74063-010",11
162,2019-04-08,Rio de Janeiro,Headphone Bluetooth 2000,SONY,Alan,Zheng,1,600,258.0,600,258.0,Pedro Martins,"R. Visc. de Pirajá, 136 - Ipanema, Rio de Janeiro - RJ, 22410-000",23
24,2019-01-04,Belo Horizonte,Cadeira Gamer reclinável Azul/Laranja,ALTURA,Alan,Zheng,1,1800,540.0,1800,540.0,Julia Freitas,"Av. Barão Homem de Melo, 1389 - Nova Granada, Belo Horizonte - MG, 30431-425",13
356,2019-11-30,Rio de Janeiro,Headphone Bluetooth 2000,SONY,Daniel,Johnson,1,600,258.0,600,258.0,Pedro Martins,"R. Visc. de Pirajá, 136 - Ipanema, Rio de Janeiro - RJ, 22410-000",23
354,2019-11-29,Belo Horizonte,Headphone Bluetooth 2000,SONY,Daniel,Johnson,1,600,258.0,600,258.0,Julia Freitas,"Av. Barão Homem de Melo, 1389 - Nova Granada, Belo Horizonte - MG, 30431-425",13
269,2019-08-19,São Paulo,Headphone Bluetooth 2000,SONY,Daniel,Johnson,1,600,258.0,600,258.0,Rogério Lopes,"R. Teodoro Sampaio, 954 - Pinheiros, São Paulo - SP, 05406-050",33
205,2019-06-01,São Paulo,Headphone Bluetooth 2000,SONY,Daniel,Johnson,1,600,258.0,600,258.0,Rogério Lopes,"R. Teodoro Sampaio, 954 - Pinheiros, São Paulo - SP, 05406-050",33
197,2019-05-16,Belo Horizonte,Headphone Bluetooth 2000,SONY,Daniel,Johnson,1,600,258.0,600,258.0,Julia Freitas,"Av. Barão Homem de Melo, 1389 - Nova Granada, Belo Horizonte - MG, 30431-425",13
147,2019-03-12,Curitiba,Headphone Bluetooth 2000,SONY,Daniel,Johnson,1,600,258.0,600,258.0,Amanda Lima,"R. Brasílio Itiberê, 3279 - Água Verde, Curitiba - PR, 80250-160",31
25,2019-01-04,Curitiba,Cadeira Gamer reclinável Azul/Laranja,ALTURA,Daniel,Johnson,1,1800,540.0,1800,540.0,Amanda Lima,"R. Brasílio Itiberê, 3279 - Água Verde, Curitiba - PR, 80250-160",31
296,2019-09-20,Salvador,Headphone Bluetooth 2000,SONY,Heidi,Lopez,1,600,258.0,600,258.0,Marcelo Castro,"Shopping Barra - Av. Centenário, 2992 - Barra, Salvador - BA, 40155-150",19
212,2019-06-14,Fortaleza,Headphone Bluetooth 2000,SONY,Heidi,Lopez,1,600,258.0,600,258.0,Letícia Gomes,"Av. Dom Luís, 500 - Aldeota, Fortaleza - CE, 60160-230",12
172,2019-04-28,Goiânia,Headphone Bluetooth 2000,SONY,Heidi,Lopez,1,600,258.0,600,258.0,Carlos Henrique,"Av. Goiás Norte, 3.592 - quadra 2.1 - St. Mal. Rondon, Goiânia - GO, 74063-010",11
40,2019-01-01,Salvador,Headphone Bluetooth 2000,SONY,Heidi,Lopez,1,600,258.0,600,258.0,Marcelo Castro,"Shopping Barra - Av. Centenário, 2992 - Barra, Salvador - BA, 40155-150",19
231,2019-06-29,Fortaleza,Headphone Bluetooth 2000,SONY,Ana,Price,1,600,258.0,600,258.0,Letícia Gomes,"Av. Dom Luís, 500 - Aldeota, Fortaleza - CE, 60160-230",12
190,2019-05-12,Salvador,Headphone Bluetooth 2000,SONY,Ana,Price,1,600,258.0,600,258.0,Marcelo Castro,"Shopping Barra - Av. Centenário, 2992 - Barra, Salvador - BA, 40155-150",19
99,2019-01-05,São Paulo,Headphone Bluetooth 2000,SONY,Ana,Price,1,600,258.0,600,258.0,Rogério Lopes,"R. Teodoro Sampaio, 954 - Pinheiros, São Paulo - SP, 05406-050",33
96,2019-01-04,Niterói,Headphone Bluetooth 2000,SONY,Ana,Price,1,600,258.0,600,258.0,Matheus Leal,"Rua Quinze de Novembro, 8 - Loja 301a Loja 301b - Centro, Niterói - RJ, 24020-125",18
52,2019-01-01,Goiânia,Headphone Bluetooth 2000,SONY,Ana,Price,1,600,258.0,600,258.0,Carlos Henrique,"Av. Goiás Norte, 3.592 - quadra 2.1 - St. Mal. Rondon, Goiânia - GO, 74063-010",11
33,2019-12-29,Goiânia,Headphone Bluetooth 2000,SONY,Ana,Price,1,600,258.0,600,258.0,Carlos Henrique,"Av. Goiás Norte, 3.592 - quadra 2.1 - St. Mal. Rondon, Goiânia - GO, 74063-010",11
322,2019-11-04,São Paulo,Headphone Bluetooth 2000,SONY,Deanna,Munoz,1,600,258.0,600,258.0,Rogério Lopes,"R. Teodoro Sampaio, 954 - Pinheiros, São Paulo - SP, 05406-050",33
127,2019-02-27,Fortaleza,Headphone Bluetooth 2000,SONY,Deanna,Munoz,1,600,258.0,600,258.0,Letícia Gomes,"Av. Dom Luís, 500 - Aldeota, Fortaleza - CE, 60160-230",12
118,2019-02-10,Belo Horizonte,Headphone Bluetooth 2000,SONY,Deanna,Munoz,1,600,258.0,600,258.0,Julia Freitas,"Av. Barão Homem de Melo, 1389 - Nova Granada, Belo Horizonte - MG, 30431-425",13
67,2019-01-01,Rio de Janeiro,Headphone Bluetooth 2000,SONY,Deanna,Munoz,1,600,258.0,600,258.0,Pedro Martins,"R. Visc. de Pirajá, 136 - Ipanema, Rio de Janeiro - RJ, 22410-000",23
336,2019-11-14,Salvador,Headphone Bluetooth 2000,SONY,Gilbert,Raje,1,600,258.0,600,258.0,Marcelo Castro,"Shopping Barra - Av. Centenário, 2992 - Barra, Salvador - BA, 40155-150",19
258,2019-08-08,Curitiba,Headphone Bluetooth 2000,SONY,Gilbert,Raje,1,600,258.0,600,258.0,Amanda Lima,"R. Brasílio Itiberê, 3279 - Água Verde, Curitiba - PR, 80250-160",31
168,2019-04-28,Fortaleza,Headphone Bluetooth 2000,SONY,Gilbert,Raje,1,600,258.0,600,258.0,Letícia Gomes,"Av. Dom Luís, 500 - Aldeota, Fortaleza - CE, 60160-230",12
58,2019-01-01,Rio de Janeiro,Headphone Bluetooth 2000,SONY,Gilbert,Raje,1,600,258.0,600,258.0,Pedro Martins,"R. Visc. de Pirajá, 136 - Ipanema, Rio de Janeiro - RJ, 22410-000",23
362,2019-12-07,São Paulo,Headphone Bluetooth 2000,SONY,Michele,Nath,1,600,258.0,600,258.0,Rogério Lopes,"R. Teodoro Sampaio, 954 - Pinheiros, São Paulo - SP, 05406-050",33
264,2019-08-17,Rio de Janeiro,Headphone Bluetooth 2000,SONY,Michele,Nath,1,600,258.0,600,258.0,Pedro Martins,"R. Visc. de Pirajá, 136 - Ipanema, Rio de Janeiro - RJ, 22410-000",23
142,2019-03-10,Niterói,Headphone Bluetooth 2000,SONY,Michele,Nath,1,600,258.0,600,258.0,Matheus Leal,"Rua Quinze de Novembro, 8 - Loja 301a Loja 301b - Centro, Niterói - RJ, 24020-125",18
374,2019-12-24,Niterói,Headphone Bluetooth 2000,SONY,Carl,Andersen,1,600,258.0,600,258.0,Matheus Leal,"Rua Quinze de Novembro, 8 - Loja 301a Loja 301b - Centro, Niterói - RJ, 24020-125",18
240,2019-07-08,Curitiba,Headphone Bluetooth 2000,SONY,Carl,Andersen,1,600,258.0,600,258.0,Amanda Lima,"R. Brasílio Itiberê, 3279 - Água Verde, Curitiba - PR, 80250-160",31
151,2019-03-16,Curitiba,Headphone Bluetooth 2000,SONY,Carl,Andersen,1,600,258.0,600,258.0,Amanda Lima,"R. Brasílio Itiberê, 3279 - Água Verde, Curitiba - PR, 80250-160",31
133,2019-03-05,São Paulo,Headphone Bluetooth 2000,SONY,Carl,Andersen,1,600,258.0,600,258.0,Rogério Lopes,"R. Teodoro Sampaio, 954 - Pinheiros, São Paulo - SP, 05406-050",33
75,2019-01-01,Belo Horizonte,Headphone Bluetooth 2000,SONY,Carl,Andersen,1,600,258.0,600,258.0,Julia Freitas,"Av. Barão Homem de Melo, 1389 - Nova Granada, Belo Horizonte - MG, 30431-425",13
328,2019-11-08,Rio de Janeiro,Headphone Bluetooth 2000,SONY,Marc,Diaz,1,600,258.0,600,258.0,Pedro Martins,"R. Visc. de Pirajá, 136 - Ipanema, Rio de Janeiro - RJ, 22410-000",23
184,2019-05-08,Fortaleza,Headphone Bluetooth 2000,SONY,Ashlee,Andersen,1,600,258.0,600,258.0,Letícia Gomes,"Av. Dom Luís, 500 - Aldeota, Fortaleza - CE, 60160-230",12
223,2019-06-27,Rio de Janeiro,Headphone Bluetooth 2000,SONY,Jon,Zhou,1,600,258.0,600,258.0,Pedro Martins,"R. Visc. de Pirajá, 136 - Ipanema, Rio de Janeiro - RJ, 22410-000",23
219,2019-06-20,Belo Horizonte,Headphone Bluetooth 2000,SONY,Jon,Zhou,1,600,258.0,600,258.0,Julia Freitas,"Av. Barão Homem de Melo, 1389 - Nova Granada, Belo Horizonte - MG, 30431-425",13
227,2019-06-28,Niterói,Headphone Bluetooth 2000,SONY,Todd,Gao,1,600,258.0,600,258.0,Matheus Leal,"Rua Quinze de Novembro, 8 - Loja 301a Loja 301b - Centro, Niterói - RJ, 24020-125",18
80,2019-01-02,Goiânia,Headphone Bluetooth 2000,SONY,Noah,Powell,1,600,258.0,600,258.0,Carlos Henrique,"Av. Goiás Norte, 3.592 - quadra 2.1 - St. Mal. Rondon, Goiânia - GO, 74063-010",11
79,2019-01-02,Curitiba,Headphone Bluetooth 2000,SONY,Noah,Powell,1,600,258.0,600,258.0,Amanda Lima,"R. Brasílio Itiberê, 3279 - Água Verde, Curitiba - PR, 80250-160",31
46,2019-01-01,Fortaleza,Headphone Bluetooth 2000,SONY,Noah,Powell,1,600,258.0,600,258.0,Letícia Gomes,"Av. Dom Luís, 500 - Aldeota, Fortaleza - CE, 60160-230",12
200,2019-05-27,Rio de Janeiro,Headphone Bluetooth 2000,SONY,Angela,Murphy,1,600,258.0,600,258.0,Pedro Martins,"R. Visc. de Pirajá, 136 - Ipanema, Rio de Janeiro - RJ, 22410-000",23
176,2019-04-29,Curitiba,Headphone Bluetooth 2000,SONY,Angela,Murphy,1,600,258.0,600,258.0,Amanda Lima,"R. Brasílio Itiberê, 3279 - Água Verde, Curitiba - PR, 80250-160",31
131,2019-03-04,São Paulo,Headphone Bluetooth 2000,SONY,Angela,Murphy,1,600,258.0,600,258.0,Rogério Lopes,"R. Teodoro Sampaio, 954 - Pinheiros, São Paulo - SP, 05406-050",33
49,2019-01-01,Goiânia,Headphone Bluetooth 2000,SONY,Angela,Murphy,1,600,258.0,600,258.0,Carlos Henrique,"Av. Goiás Norte, 3.592 - quadra 2.1 - St. Mal. Rondon, Goiânia - GO, 74063-010",11
41,2019-01-01,Belo Horizonte,Headphone Bluetooth 2000,SONY,Angela,Murphy,1,600,258.0,600,258.0,Julia Freitas,"Av. Barão Homem de Melo, 1389 - Nova Granada, Belo Horizonte - MG, 30431-425",13
102,2019-01-06,Goiânia,Headphone Bluetooth 2000,SONY,Chase,Reed,1,600,258.0,600,258.0,Carlos Henrique,"Av. Goiás Norte, 3.592 - quadra 2.1 - St. Mal. Rondon, Goiânia - GO, 74063-010",11
286,2019-09-08,Salvador,Headphone Bluetooth 2000,SONY,Jessica,Henderson,1,600,258.0,600,258.0,Marcelo Castro,"Shopping Barra - Av. Centenário, 2992 - Barra, Salvador - BA, 40155-150",19
194,2019-05-15,Goiânia,Headphone Bluetooth 2000,SONY,Jessica,Henderson,1,600,258.0,600,258.0,Carlos Henrique,"Av. Goiás Norte, 3.592 - quadra 2.1 - St. Mal. Rondon, Goiânia - GO, 74063-010",11
68,2019-01-01,Fortaleza,Headphone Bluetooth 2000,SONY,Jessica,Henderson,1,600,258.0,600,258.0,Letícia Gomes,"Av. Dom Luís, 500 - Aldeota, Fortaleza - CE, 60160-230",12
369,2019-12-13,Curitiba,Headphone Bluetooth 2000,SONY,Grace,Butler,1,600,258.0,600,258.0,Amanda Lima,"R. Brasílio Itiberê, 3279 - Água Verde, Curitiba - PR, 80250-160",31
273,2019-08-25,Belo Horizonte,Headphone Bluetooth 2000,SONY,Grace,Butler,1,600,258.0,600,258.0,Julia Freitas,"Av. Barão Homem de Melo, 1389 - Nova Granada, Belo Horizonte - MG, 30431-425",13
138,2019-03-09,São Paulo,Headphone Bluetooth 2000,SONY,Grace,Butler,1,600,258.0,600,258.0,Rogério Lopes,"R. Teodoro Sampaio, 954 - Pinheiros, São Paulo - SP, 05406-050",33
95,2019-01-04,Belo Horizonte,Headphone Bluetooth 2000,SONY,Grace,Butler,1,600,258.0,600,258.0,Julia Freitas,"Av. Barão Homem de Melo, 1389 - Nova Granada, Belo Horizonte - MG, 30431-425",13
59,2019-01-01,Salvador,Headphone Bluetooth 2000,SONY,Grace,Butler,1,600,258.0,600,258.0,Marcelo Castro,"Shopping Barra - Av. Centenário, 2992 - Barra, Salvador - BA, 40155-150",19
358,2019-12-02,Salvador,Headphone Bluetooth 2000,SONY,Caleb,Carter,1,600,258.0,600,258.0,Marcelo Castro,"Shopping Barra - Av. Centenário, 2992 - Barra, Salvador - BA, 40155-150",19
192,2019-05-14,Belo Horizonte,Headphone Bluetooth 2000,SONY,Caleb,Carter,1,600,258.0,600,258.0,Julia Freitas,"Av. Barão Homem de Melo, 1389 - Nova Granada, Belo Horizonte - MG, 30431-425",13
85,2019-01-02,Fortaleza,Headphone Bluetooth 2000,SONY,Caleb,Carter,1,600,258.0,600,258.0,Letícia Gomes,"Av. Dom Luís, 500 - Aldeota, Fortaleza - CE, 60160-230",12
188,2019-05-11,Fortaleza,Headphone Bluetooth 2000,SONY,Tiffany,Liang,1,600,258.0,600,258.0,Letícia Gomes,"Av. Dom Luís, 500 - Aldeota, Fortaleza - CE, 60160-230",12
76,2019-01-01,São Paulo,Headphone Bluetooth 2000,SONY,Tiffany,Liang,1,600,258.0,600,258.0,Rogério Lopes,"R. Teodoro Sampaio, 954 - Pinheiros, São Paulo - SP, 05406-050",33
30,2019-12-27,Rio de Janeiro,Headphone Bluetooth 2000,SONY,Tiffany,Liang,1,600,258.0,600,258.0,Pedro Martins,"R. Visc. de Pirajá, 136 - Ipanema, Rio de Janeiro - RJ, 22410-000",23
343,2019-11-19,Goiânia,Headphone Bluetooth 2000,SONY,Carolyn,Navarro,1,600,258.0,600,258.0,Carlos Henrique,"Av. Goiás Norte, 3.592 - quadra 2.1 - St. Mal. Rondon, Goiânia - GO, 74063-010",11
301,2019-09-23,Belo Horizonte,Headphone Bluetooth 2000,SONY,Carolyn,Navarro,1,600,258.0,600,258.0,Julia Freitas,"Av. Barão Homem de Melo, 1389 - Nova Granada, Belo Horizonte - MG, 30431-425",13
277,2019-08-29,São Paulo,Headphone Bluetooth 2000,SONY,Carolyn,Navarro,1,600,258.0,600,258.0,Rogério Lopes,"R. Teodoro Sampaio, 954 - Pinheiros, São Paulo - SP, 05406-050",33
128,2019-02-28,Belo Horizonte,Headphone Bluetooth 2000,SONY,Carolyn,Navarro,1,600,258.0,600,258.0,Julia Freitas,"Av. Barão Homem de Melo, 1389 - Nova Granada, Belo Horizonte - MG, 30431-425",13
297,2019-09-20,Salvador,Headphone Bluetooth 2000,SONY,Willie,Raji,1,600,258.0,600,258.0,Marcelo Castro,"Shopping Barra - Av. Centenário, 2992 - Barra, Salvador - BA, 40155-150",19
213,2019-06-14,Curitiba,Headphone Bluetooth 2000,SONY,Willie,Raji,1,600,258.0,600,258.0,Amanda Lima,"R. Brasílio Itiberê, 3279 - Água Verde, Curitiba - PR, 80250-160",31
173,2019-04-28,Curitiba,Headphone Bluetooth 2000,SONY,Willie,Raji,1,600,258.0,600,258.0,Amanda Lima,"R. Brasílio Itiberê, 3279 - Água Verde, Curitiba - PR, 80250-160",31
323,2019-11-04,Rio de Janeiro,Headphone Bluetooth 2000,SONY,Linda,Serrano,1,600,258.0,600,258.0,Pedro Martins,"R. Visc. de Pirajá, 136 - Ipanema, Rio de Janeiro - RJ, 22410-000",23
119,2019-02-10,Niterói,Headphone Bluetooth 2000,SONY,Linda,Serrano,1,600,258.0,600,258.0,Matheus Leal,"Rua Quinze de Novembro, 8 - Loja 301a Loja 301b - Centro, Niterói - RJ, 24020-125",18
337,2019-11-14,Goiânia,Headphone Bluetooth 2000,SONY,Casey,Luo,1,600,258.0,600,258.0,Carlos Henrique,"Av. Goiás Norte, 3.592 - quadra 2.1 - St. Mal. Rondon, Goiânia - GO, 74063-010",11
169,2019-04-28,Fortaleza,Headphone Bluetooth 2000,SONY,Casey,Luo,1,600,258.0,600,258.0,Letícia Gomes,"Av. Dom Luís, 500 - Aldeota, Fortaleza - CE, 60160-230",12
27,2019-12-27,Fortaleza,Headphone Bluetooth 2000,SONY,Casey,Luo,1,600,258.0,600,258.0,Letícia Gomes,"Av. Dom Luís, 500 - Aldeota, Fortaleza - CE, 60160-230",12
363,2019-12-07,São Paulo,Headphone Bluetooth 2000,SONY,Amy,Ye,1,600,258.0,600,258.0,Rogério Lopes,"R. Teodoro Sampaio, 954 - Pinheiros, São Paulo - SP, 05406-050",33
265,2019-08-17,Fortaleza,Headphone Bluetooth 2000,SONY,Amy,Ye,1,600,258.0,600,258.0,Letícia Gomes,"Av. Dom Luís, 500 - Aldeota, Fortaleza - CE, 60160-230",12
143,2019-03-10,Fortaleza,Headphone Bluetooth 2000,SONY,Amy,Ye,1,600,258.0,600,258.0,Letícia Gomes,"Av. Dom Luís, 500 - Aldeota, Fortaleza - CE, 60160-230",12
241,2019-07-08,Rio de Janeiro,Headphone Bluetooth 2000,SONY,Levi,Arun,1,600,258.0,600,258.0,Pedro Martins,"R. Visc. de Pirajá, 136 - Ipanema, Rio de Janeiro - RJ, 22410-000",23
152,2019-03-16,Rio de Janeiro,Headphone Bluetooth 2000,SONY,Levi,Arun,1,600,258.0,600,258.0,Pedro Martins,"R. Visc. de Pirajá, 136 - Ipanema, Rio de Janeiro - RJ, 22410-000",23
134,2019-03-05,Salvador,Headphone Bluetooth 2000,SONY,Levi,Arun,1,600,258.0,600,258.0,Marcelo Castro,"Shopping Barra - Av. Centenário, 2992 - Barra, Salvador - BA, 40155-150",19
42,2019-01-01,Rio de Janeiro,Headphone Bluetooth 2000,SONY,Levi,Arun,1,600,258.0,600,258.0,Pedro Martins,"R. Visc. de Pirajá, 136 - Ipanema, Rio de Janeiro - RJ, 22410-000",23
329,2019-11-08,Belo Horizonte,Headphone Bluetooth 2000,SONY,Felicia,Jimenez,1,600,258.0,600,258.0,Julia Freitas,"Av. Barão Homem de Melo, 1389 - Nova Granada, Belo Horizonte - MG, 30431-425",13
283,2019-09-02,Rio de Janeiro,Headphone Bluetooth 2000,SONY,Blake,Anderson,1,600,258.0,600,258.0,Pedro Martins,"R. Visc. de Pirajá, 136 - Ipanema, Rio de Janeiro - RJ, 22410-000",23
185,2019-05-08,Belo Horizonte,Headphone Bluetooth 2000,SONY,Blake,Anderson,1,600,258.0,600,258.0,Julia Freitas,"Av. Barão Homem de Melo, 1389 - Nova Granada, Belo Horizonte - MG, 30431-425",13
181,2019-05-05,Niterói,Headphone Bluetooth 2000,SONY,Blake,Anderson,1,600,258.0,600,258.0,Matheus Leal,"Rua Quinze de Novembro, 8 - Loja 301a Loja 301b - Centro, Niterói - RJ, 24020-125",18
69,2019-01-01,Rio de Janeiro,Headphone Bluetooth 2000,SONY,Blake,Anderson,1,600,258.0,600,258.0,Pedro Martins,"R. Visc. de Pirajá, 136 - Ipanema, Rio de Janeiro - RJ, 22410-000",23
224,2019-06-27,Salvador,Headphone Bluetooth 2000,SONY,Leah,Ye,1,600,258.0,600,258.0,Marcelo Castro,"Shopping Barra - Av. Centenário, 2992 - Barra, Salvador - BA, 40155-150",19
220,2019-06-20,Curitiba,Headphone Bluetooth 2000,SONY,Leah,Ye,1,600,258.0,600,258.0,Amanda Lima,"R. Brasílio Itiberê, 3279 - Água Verde, Curitiba - PR, 80250-160",31
60,2019-01-01,Niterói,Headphone Bluetooth 2000,SONY,Leah,Ye,1,600,258.0,600,258.0,Matheus Leal,"Rua Quinze de Novembro, 8 - Loja 301a Loja 301b - Centro, Niterói - RJ, 24020-125",18
348,2019-11-25,São Paulo,Headphone Bluetooth 2000,SONY,Gina,Martin,1,600,258.0,600,258.0,Rogério Lopes,"R. Teodoro Sampaio, 954 - Pinheiros, São Paulo - SP, 05406-050",33
316,2019-10-19,Niterói,Headphone Bluetooth 2000,SONY,Donald,Gonzalez,1,600,258.0,600,258.0,Matheus Leal,"Rua Quinze de Novembro, 8 - Loja 301a Loja 301b - Centro, Niterói - RJ, 24020-125",18
303,2019-09-25,Niterói,Headphone Bluetooth 2000,SONY,Donald,Gonzalez,1,600,258.0,600,258.0,Matheus Leal,"Rua Quinze de Novembro, 8 - Loja 301a Loja 301b - Centro, Niterói - RJ, 24020-125",18
179,2019-05-02,Niterói,Headphone Bluetooth 2000,SONY,Donald,Gonzalez,1,600,258.0,600,258.0,Matheus Leal,"Rua Quinze de Novembro, 8 - Loja 301a Loja 301b - Centro, Niterói - RJ, 24020-125",18
166,2019-04-24,Rio de Janeiro,Headphone Bluetooth 2000,SONY,Donald,Gonzalez,1,600,258.0,600,258.0,Pedro Martins,"R. Visc. de Pirajá, 136 - Ipanema, Rio de Janeiro - RJ, 22410-000",23
160,2019-04-07,Niterói,Headphone Bluetooth 2000,SONY,Donald,Gonzalez,1,600,258.0,600,258.0,Matheus Leal,"Rua Quinze de Novembro, 8 - Loja 301a Loja 301b - Centro, Niterói - RJ, 24020-125",18
155,2019-03-27,Salvador,Headphone Bluetooth 2000,SONY,Donald,Gonzalez,1,600,258.0,600,258.0,Marcelo Castro,"Shopping Barra - Av. Centenário, 2992 - Barra, Salvador - BA, 40155-150",19
372,2019-12-20,Rio de Janeiro,Headphone Bluetooth 2000,SONY,Damien,Chander,1,600,258.0,600,258.0,Pedro Martins,"R. Visc. de Pirajá, 136 - Ipanema, Rio de Janeiro - RJ, 22410-000",23
371,2019-12-14,Niterói,Headphone Bluetooth 2000,SONY,Damien,Chander,1,600,258.0,600,258.0,Matheus Leal,"Rua Quinze de Novembro, 8 - Loja 301a Loja 301b - Centro, Niterói - RJ, 24020-125",18
334,2019-11-12,Goiânia,Headphone Bluetooth 2000,SONY,Damien,Chander,1,600,258.0,600,258.0,Carlos Henrique,"Av. Goiás Norte, 3.592 - quadra 2.1 - St. Mal. Rondon, Goiânia - GO, 74063-010",11
331,2019-11-09,São Paulo,Headphone Bluetooth 2000,SONY,Damien,Chander,1,600,258.0,600,258.0,Rogério Lopes,"R. Teodoro Sampaio, 954 - Pinheiros, São Paulo - SP, 05406-050",33
249,2019-07-27,Fortaleza,Headphone Bluetooth 2000,SONY,Damien,Chander,1,600,258.0,600,258.0,Letícia Gomes,"Av. Dom Luís, 500 - Aldeota, Fortaleza - CE, 60160-230",12
248,2019-07-20,Belo Horizonte,Headphone Bluetooth 2000,SONY,Damien,Chander,1,600,258.0,600,258.0,Julia Freitas,"Av. Barão Homem de Melo, 1389 - Nova Granada, Belo Horizonte - MG, 30431-425",13
191,2019-05-12,São Paulo,Headphone Bluetooth 2000,SONY,Damien,Chander,1,600,258.0,600,258.0,Rogério Lopes,"R. Teodoro Sampaio, 954 - Pinheiros, São Paulo - SP, 05406-050",33
113,2019-02-03,Fortaleza,Headphone Bluetooth 2000,SONY,Damien,Chander,1,600,258.0,600,258.0,Letícia Gomes,"Av. Dom Luís, 500 - Aldeota, Fortaleza - CE, 60160-230",12
359,2019-12-03,Belo Horizonte,Headphone Bluetooth 2000,SONY,Savannah,Baker,1,600,258.0,600,258.0,Julia Freitas,"Av. Barão Homem de Melo, 1389 - Nova Granada, Belo Horizonte - MG, 30431-425",13
315,2019-10-17,Goiânia,Headphone Bluetooth 2000,SONY,Savannah,Baker,1,600,258.0,600,258.0,Carlos Henrique,"Av. Goiás Norte, 3.592 - quadra 2.1 - St. Mal. Rondon, Goiânia - GO, 74063-010",11
252,2019-07-29,Rio de Janeiro,Headphone Bluetooth 2000,SONY,Savannah,Baker,1,600,258.0,600,258.0,Pedro Martins,"R. Visc. de Pirajá, 136 - Ipanema, Rio de Janeiro - RJ, 22410-000",23
367,2019-12-11,Fortaleza,Headphone Bluetooth 2000,SONY,Angela,Butler,1,600,258.0,600,258.0,Letícia Gomes,"Av. Dom Luís, 500 - Aldeota, Fortaleza - CE, 60160-230",12
360,2019-12-06,Belo Horizonte,Headphone Bluetooth 2000,SONY,Angela,Butler,1,600,258.0,600,258.0,Julia Freitas,"Av. Barão Homem de Melo, 1389 - Nova Granada, Belo Horizonte - MG, 30431-425",13
281,2019-08-30,São Paulo,Headphone Bluetooth 2000,SONY,Angela,Butler,1,600,258.0,600,258.0,Rogério Lopes,"R. Teodoro Sampaio, 954 - Pinheiros, São Paulo - SP, 05406-050",33
262,2019-08-11,Curitiba,Headphone Bluetooth 2000,SONY,Angela,Butler,1,600,258.0,600,258.0,Amanda Lima,"R. Brasílio Itiberê, 3279 - Água Verde, Curitiba - PR, 80250-160",31
158,2019-03-30,Salvador,Headphone Bluetooth 2000,SONY,Angela,Butler,1,600,258.0,600,258.0,Marcelo Castro,"Shopping Barra - Av. Centenário, 2992 - Barra, Salvador - BA, 40155-150",19
112,2019-01-24,São Paulo,Headphone Bluetooth 2000,SONY,Angela,Butler,1,600,258.0,600,258.0,Rogério Lopes,"R. Teodoro Sampaio, 954 - Pinheiros, São Paulo - SP, 05406-050",33
352,2019-11-28,Goiânia,Headphone Bluetooth 2000,SONY,Alyssa,Cox,1,600,258.0,600,258.0,Carlos Henrique,"Av. Goiás Norte, 3.592 - quadra 2.1 - St. Mal. Rondon, Goiânia - GO, 74063-010",11
345,2019-11-22,São Paulo,Headphone Bluetooth 2000,SONY,Alyssa,Cox,1,600,258.0,600,258.0,Rogério Lopes,"R. Teodoro Sampaio, 954 - Pinheiros, São Paulo - SP, 05406-050",33
299,2019-09-21,Rio de Janeiro,Headphone Bluetooth 2000,SONY,Alyssa,Cox,1,600,258.0,600,258.0,Pedro Martins,"R. Visc. de Pirajá, 136 - Ipanema, Rio de Janeiro - RJ, 22410-000",23
217,2019-06-18,Belo Horizonte,Headphone Bluetooth 2000,SONY,Alyssa,Cox,1,600,258.0,600,258.0,Julia Freitas,"Av. Barão Homem de Melo, 1389 - Nova Granada, Belo Horizonte - MG, 30431-425",13
126,2019-02-25,Salvador,Headphone Bluetooth 2000,SONY,Alyssa,Cox,1,600,258.0,600,258.0,Marcelo Castro,"Shopping Barra - Av. Centenário, 2992 - Barra, Salvador - BA, 40155-150",19
125,2019-02-24,Curitiba,Headphone Bluetooth 2000,SONY,Alyssa,Cox,1,600,258.0,600,258.0,Amanda Lima,"R. Brasílio Itiberê, 3279 - Água Verde, Curitiba - PR, 80250-160",31
109,2019-01-18,Belo Horizonte,Headphone Bluetooth 2000,SONY,Alyssa,Cox,1,600,258.0,600,258.0,Julia Freitas,"Av. Barão Homem de Melo, 1389 - Nova Granada, Belo Horizonte - MG, 30431-425",13
235,2019-07-01,Goiânia,Headphone Bluetooth 2000,SONY,Lucas,Phillips,1,600,258.0,600,258.0,Carlos Henrique,"Av. Goiás Norte, 3.592 - quadra 2.1 - St. Mal. Rondon, Goiânia - GO, 74063-010",11
92,2019-01-03,Curitiba,Headphone Bluetooth 2000,SONY,Lucas,Phillips,1,600,258.0,600,258.0,Amanda Lima,"R. Brasílio Itiberê, 3279 - Água Verde, Curitiba - PR, 80250-160",31
86,2019-01-02,Curitiba,Headphone Bluetooth 2000,SONY,Emily,Johnson,1,600,258.0,600,258.0,Amanda Lima,"R. Brasílio Itiberê, 3279 - Água Verde, Curitiba - PR, 80250-160",31
351,2019-11-27,Curitiba,Headphone Bluetooth 2000,SONY,Ryan,Brown,1,600,258.0,600,258.0,Amanda Lima,"R. Brasílio Itiberê, 3279 - Água Verde, Curitiba - PR, 80250-160",31
232,2019-06-29,São Paulo,Headphone Bluetooth 2000,SONY,Tamara,Liang,1,600,258.0,600,258.0,Rogério Lopes,"R. Teodoro Sampaio, 954 - Pinheiros, São Paulo - SP, 05406-050",33
136,2019-03-06,Salvador,Headphone Bluetooth 2000,SONY,Tamara,Liang,1,600,258.0,600,258.0,Marcelo Castro,"Shopping Barra - Av. Centenário, 2992 - Barra, Salvador - BA, 40155-150",19
100,2019-01-05,Belo Horizonte,Headphone Bluetooth 2000,SONY,Tamara,Liang,1,600,258.0,600,258.0,Julia Freitas,"Av. Barão Homem de Melo, 1389 - Nova Granada, Belo Horizonte - MG, 30431-425",13
97,2019-01-04,Goiânia,Headphone Bluetooth 2000,SONY,Tamara,Liang,1,600,258.0,600,258.0,Carlos Henrique,"Av. Goiás Norte, 3.592 - quadra 2.1 - St. Mal. Rondon, Goiânia - GO, 74063-010",11
77,2019-01-01,Fortaleza,Headphone Bluetooth 2000,SONY,Tamara,Liang,1,600,258.0,600,258.0,Letícia Gomes,"Av. Dom Luís, 500 - Aldeota, Fortaleza - CE, 60160-230",12
70,2019-01-01,Niterói,Headphone Bluetooth 2000,SONY,Tamara,Liang,1,600,258.0,600,258.0,Matheus Leal,"Rua Quinze de Novembro, 8 - Loja 301a Loja 301b - Centro, Niterói - RJ, 24020-125",18
53,2019-01-01,Salvador,Headphone Bluetooth 2000,SONY,Tamara,Liang,1,600,258.0,600,258.0,Marcelo Castro,"Shopping Barra - Av. Centenário, 2992 - Barra, Salvador - BA, 40155-150",19
90,2019-01-03,Belo Horizonte,Headphone Bluetooth 2000,SONY,Hunter,Davis,1,600,258.0,600,258.0,Julia Freitas,"Av. Barão Homem de Melo, 1389 - Nova Granada, Belo Horizonte - MG, 30431-425",13
81,2019-01-02,Niterói,Headphone Bluetooth 2000,SONY,Hunter,Davis,1,600,258.0,600,258.0,Matheus Leal,"Rua Quinze de Novembro, 8 - Loja 301a Loja 301b - Centro, Niterói - RJ, 24020-125",18
61,2019-01-01,Goiânia,Headphone Bluetooth 2000,SONY,Hunter,Davis,1,600,258.0,600,258.0,Carlos Henrique,"Av. Goiás Norte, 3.592 - quadra 2.1 - St. Mal. Rondon, Goiânia - GO, 74063-010",11
47,2019-01-01,São Paulo,Headphone Bluetooth 2000,SONY,Hunter,Davis,1,600,258.0,600,258.0,Rogério Lopes,"R. Teodoro Sampaio, 954 - Pinheiros, São Paulo - SP, 05406-050",33
177,2019-04-29,Rio de Janeiro,Headphone Bluetooth 2000,SONY,Abigail,Price,1,600,258.0,600,258.0,Pedro Martins,"R. Visc. de Pirajá, 136 - Ipanema, Rio de Janeiro - RJ, 22410-000",23
50,2019-01-01,Salvador,Headphone Bluetooth 2000,SONY,Abigail,Price,1,600,258.0,600,258.0,Marcelo Castro,"Shopping Barra - Av. Centenário, 2992 - Barra, Salvador - BA, 40155-150",19
103,2019-01-06,Belo Horizonte,Headphone Bluetooth 2000,SONY,Trevor,Bryant,1,600,258.0,600,258.0,Julia Freitas,"Av. Barão Homem de Melo, 1389 - Nova Granada, Belo Horizonte - MG, 30431-425",13
43,2019-01-01,Belo Horizonte,Headphone Bluetooth 2000,SONY,Trevor,Bryant,1,600,258.0,600,258.0,Julia Freitas,"Av. Barão Homem de Melo, 1389 - Nova Granada, Belo Horizonte - MG, 30431-425",13
287,2019-09-08,São Paulo,Headphone Bluetooth 2000,SONY,Dalton,Perez,1,600,258.0,600,258.0,Rogério Lopes,"R. Teodoro Sampaio, 954 - Pinheiros, São Paulo - SP, 05406-050",33
195,2019-05-15,Belo Horizonte,Headphone Bluetooth 2000,SONY,Dalton,Perez,1,600,258.0,600,258.0,Julia Freitas,"Av. Barão Homem de Melo, 1389 - Nova Granada, Belo Horizonte - MG, 30431-425",13
228,2019-06-28,Belo Horizonte,Headphone Bluetooth 2000,SONY,Cheryl,Diaz,1,600,258.0,600,258.0,Julia Freitas,"Av. Barão Homem de Melo, 1389 - Nova Granada, Belo Horizonte - MG, 30431-425",13
259,2019-08-09,Rio de Janeiro,Headphone Bluetooth 2000,SONY,Aimee,He,1,600,258.0,600,258.0,Pedro Martins,"R. Visc. de Pirajá, 136 - Ipanema, Rio de Janeiro - RJ, 22410-000",23
189,2019-05-11,Salvador,Headphone Bluetooth 2000,SONY,Aimee,He,1,600,258.0,600,258.0,Marcelo Castro,"Shopping Barra - Av. Centenário, 2992 - Barra, Salvador - BA, 40155-150",19
31,2019-12-27,São Paulo,Headphone Bluetooth 2000,SONY,Aimee,He,1,600,258.0,600,258.0,Rogério Lopes,"R. Teodoro Sampaio, 954 - Pinheiros, São Paulo - SP, 05406-050",33
302,2019-09-23,Rio de Janeiro,Headphone Bluetooth 2000,SONY,Cedric,Ma,1,600,258.0,600,258.0,Pedro Martins,"R. Visc. de Pirajá, 136 - Ipanema, Rio de Janeiro - RJ, 22410-000",23
278,2019-08-29,Rio de Janeiro,Headphone Bluetooth 2000,SONY,Cedric,Ma,1,600,258.0,600,258.0,Pedro Martins,"R. Visc. de Pirajá, 136 - Ipanema, Rio de Janeiro - RJ, 22410-000",23
129,2019-02-28,Fortaleza,Headphone Bluetooth 2000,SONY,Cedric,Ma,1,600,258.0,600,258.0,Letícia Gomes,"Av. Dom Luís, 500 - Aldeota, Fortaleza - CE, 60160-230",12
298,2019-09-20,São Paulo,Headphone Bluetooth 2000,SONY,Chad,Kumar,1,600,258.0,600,258.0,Rogério Lopes,"R. Teodoro Sampaio, 954 - Pinheiros, São Paulo - SP, 05406-050",33
214,2019-06-14,Curitiba,Headphone Bluetooth 2000,SONY,Chad,Kumar,1,600,258.0,600,258.0,Amanda Lima,"R. Brasílio Itiberê, 3279 - Água Verde, Curitiba - PR, 80250-160",31
344,2019-11-20,Rio de Janeiro,Headphone Bluetooth 2000,SONY,Andrés,Anand,1,600,258.0,600,258.0,Pedro Martins,"R. Visc. de Pirajá, 136 - Ipanema, Rio de Janeiro - RJ, 22410-000",23
120,2019-02-10,Goiânia,Headphone Bluetooth 2000,SONY,Andrés,Anand,1,600,258.0,600,258.0,Carlos Henrique,"Av. Goiás Norte, 3.592 - quadra 2.1 - St. Mal. Rondon, Goiânia - GO, 74063-010",11
87,2019-01-02,São Paulo,Headphone Bluetooth 2000,SONY,Andrés,Anand,1,600,258.0,600,258.0,Rogério Lopes,"R. Teodoro Sampaio, 954 - Pinheiros, São Paulo - SP, 05406-050",33
338,2019-11-14,Curitiba,Headphone Bluetooth 2000,SONY,Edwin,Nara,1,600,258.0,600,258.0,Amanda Lima,"R. Brasílio Itiberê, 3279 - Água Verde, Curitiba - PR, 80250-160",31
324,2019-11-05,Belo Horizonte,Headphone Bluetooth 2000,SONY,Edwin,Nara,1,600,258.0,600,258.0,Julia Freitas,"Av. Barão Homem de Melo, 1389 - Nova Granada, Belo Horizonte - MG, 30431-425",13
225,2019-06-27,Belo Horizonte,Headphone Bluetooth 2000,SONY,Edwin,Nara,1,600,258.0,600,258.0,Julia Freitas,"Av. Barão Homem de Melo, 1389 - Nova Granada, Belo Horizonte - MG, 30431-425",13
186,2019-05-09,Goiânia,Headphone Bluetooth 2000,SONY,Edwin,Nara,1,600,258.0,600,258.0,Carlos Henrique,"Av. Goiás Norte, 3.592 - quadra 2.1 - St. Mal. Rondon, Goiânia - GO, 74063-010",11
170,2019-04-28,São Paulo,Headphone Bluetooth 2000,SONY,Edwin,Nara,1,600,258.0,600,258.0,Rogério Lopes,"R. Teodoro Sampaio, 954 - Pinheiros, São Paulo - SP, 05406-050",33
153,2019-03-16,Rio de Janeiro,Headphone Bluetooth 2000,SONY,Edwin,Nara,1,600,258.0,600,258.0,Pedro Martins,"R. Visc. de Pirajá, 136 - Ipanema, Rio de Janeiro - RJ, 22410-000",23
28,2019-12-27,Fortaleza,Headphone Bluetooth 2000,SONY,Edwin,Nara,1,600,258.0,600,258.0,Letícia Gomes,"Av. Dom Luís, 500 - Aldeota, Fortaleza - CE, 60160-230",12
364,2019-12-07,Belo Horizonte,Headphone Bluetooth 2000,SONY,Mallory,Rubio,1,600,258.0,600,258.0,Julia Freitas,"Av. Barão Homem de Melo, 1389 - Nova Granada, Belo Horizonte - MG, 30431-425",13
266,2019-08-17,Salvador,Headphone Bluetooth 2000,SONY,Mallory,Rubio,1,600,258.0,600,258.0,Marcelo Castro,"Shopping Barra - Av. Centenário, 2992 - Barra, Salvador - BA, 40155-150",19
71,2019-01-01,Rio de Janeiro,Headphone Bluetooth 2000,SONY,Mallory,Rubio,1,600,258.0,600,258.0,Pedro Martins,"R. Visc. de Pirajá, 136 - Ipanema, Rio de Janeiro - RJ, 22410-000",23
242,2019-07-08,Fortaleza,Headphone Bluetooth 2000,SONY,Adam,Ross,1,600,258.0,600,258.0,Letícia Gomes,"Av. Dom Luís, 500 - Aldeota, Fortaleza - CE, 60160-230",12
135,2019-03-05,Belo Horizonte,Headphone Bluetooth 2000,SONY,Adam,Ross,1,600,258.0,600,258.0,Julia Freitas,"Av. Barão Homem de Melo, 1389 - Nova Granada, Belo Horizonte - MG, 30431-425",13
62,2019-01-01,São Paulo,Headphone Bluetooth 2000,SONY,Adam,Ross,1,600,258.0,600,258.0,Rogério Lopes,"R. Teodoro Sampaio, 954 - Pinheiros, São Paulo - SP, 05406-050",33
330,2019-11-08,Salvador,Headphone Bluetooth 2000,SONY,Latasha,Navarro,1,600,258.0,600,258.0,Marcelo Castro,"Shopping Barra - Av. Centenário, 2992 - Barra, Salvador - BA, 40155-150",19
284,2019-09-02,São Paulo,Headphone Bluetooth 2000,SONY,Abby,Sai,1,600,258.0,600,258.0,Rogério Lopes,"R. Teodoro Sampaio, 954 - Pinheiros, São Paulo - SP, 05406-050",33
182,2019-05-05,Salvador,Headphone Bluetooth 2000,SONY,Abby,Sai,1,600,258.0,600,258.0,Marcelo Castro,"Shopping Barra - Av. Centenário, 2992 - Barra, Salvador - BA, 40155-150",19
44,2019-01-01,Curitiba,Headphone Bluetooth 2000,SONY,Abby,Sai,1,600,258.0,600,258.0,Amanda Lima,"R. Brasílio Itiberê, 3279 - Água Verde, Curitiba - PR, 80250-160",31
221,2019-06-20,Niterói,Headphone Bluetooth 2000,SONY,Julia,Nelson,1,600,258.0,600,258.0,Matheus Leal,"Rua Quinze de Novembro, 8 - Loja 301a Loja 301b - Centro, Niterói - RJ, 24020-125",18
